DriverID,Name,LicenseNumber,Phone
1,Scott Rogers,CJ48933,(657)838-3848x09902
2,James Hamilton,lf73956,843.970.3752x589
3,Ryan Johnson,gl48842,378.729.1076x085
4,Nathan Petty,Yz99180,001-352-232-9974x713
5,Kristina Alexander,Lz79381,+1-708-569-1473x29868
6,Katrina Nichols,SL37351,561-573-9358x96278
7,Brianna Rivera,xo21110,001-780-834-7637
8,Sierra Melendez,lq12115,001-329-913-9340x4834
9,Alyssa Krueger MD,Wp04289,605.677.3630x724
10,Karen Gordon,ka16554,+1-782-367-3453
11,Adam White,Hh69875,(458)748-3745
12,Jonathan Rivera DDS,Mv71927,785.961.9456x0423
13,Lynn Wilson MD,aE32697,331-434-3660x51619
14,Michael Gates,ZJ16184,+1-654-432-9402x8417
15,Jon Small,BQ67575,484.787.5319
16,Robin Thompson,KX77900,9292813658
17,Michelle Carroll,tZ83976,321.487.1540x2232
18,Joanna Smith,tz64372,762.242.7443
19,Douglas Robinson,yC34611,863.378.9303x3388
20,Brandon Parks,uU38345,592-758-3591x05470
21,Angela Perez,Dw55048,001-459-633-2119x35638
22,Hailey Alvarez,dv25363,(775)365-7773
23,Natasha Ross,ac88804,372-283-9341x85182
24,Justin Johnson,YE75049,596-242-6740x04441
25,Megan Pineda,OY86445,681.534.4116x54590
26,Timothy Carrillo,pI19549,5063429259
27,Shane Bradley,oq36264,860-507-9249
28,Leslie Simon,Wq63215,387-317-0524x375
29,Joseph Warren,pG65934,205-870-6160
30,Susan Wheeler DDS,VP79865,(798)403-7918x4713
31,Brian Wilson,jA93200,635.813.4036x26653
32,Natalie Davila,xq56786,+1-799-672-2708x973
33,Kaitlin Hayden,fn37333,765-552-6616
34,Adam Bernard,rV46383,701-383-2050
35,Alan Willis,Dq81096,5699637184
36,Kenneth Anderson,He98298,362-808-5051
37,Mason Allen,LH19691,(317)506-0279x516
38,Timothy Crawford,gM99328,(551)577-3251x26905
39,Lance Ross,mP31307,8957991068
40,Devin Mitchell,Eb37443,346-714-1674x9440
41,Caroline Barajas,Bm86710,+1-695-532-8994x683
42,David Reed,zQ36468,001-346-522-7703x0431
43,Melissa Wiley,kH57893,(949)559-5900x26941
44,Paul Munoz,Ut80506,001-231-454-4076x1874
45,Christina Hall,YF22189,430-473-9048
46,Samantha Hughes,iB88354,+1-680-518-9599x3067
47,Rodney Gaines,ID31068,626.382.2410x174
48,Felicia Espinoza,ZC72947,001-766-374-6277
49,Kevin Vincent,Fy82442,341.553.0376
50,Julian Hernandez,LZ26423,380-369-1013
